تصنيف الشكوى,مضمون الشكوى
مشاكل النظام (موقع/تسجيل),تم حذف ماده حقوق الإنسان من على الموقع بالرغم من انى قمت بتسجيلها فى تسجيل المواد
مشاكل النظام (موقع/تسجيل),مشاكل النظام (موقع/تسجيل)
مشكله درجات ونتائج,مشكله درجات ونتائج
حذف و اضافه,حذف و اضافه
حذف و اضافه,اريد حذف مقرر Data computation
مشاكل النظام (موقع/تسجيل),الموقع سئ و بياخد وقت طويل فى التسجيل وبعض الاحيان مش بيفتح
مشاكل النظام (موقع/تسجيل),صعوبة التسجيل
مشاكل النظام (موقع/تسجيل),تسجيل المواد
مشكله درجات ونتائج,في مادة ال Data Visualization حصلت علي مجموع درجات نهائي 50 من 100 اي ما يعادل تقدير D عند الرجوع للموقع وجدت ان تقديري F مما يشير لخطء الكتروني
مشاكل النظام (موقع/تسجيل),تعطل الموقع عند فتح تسجيل المقررات لاكثر من 3 اسابيع دون حدوث حل له و عدم فتح تسجيل يدوي او تنظيم لعدد الزائرين للموقع
مشكله تخص المقررات,المقرر 
مشكله تخص المقررات,مشكله تخص المقررات
تحديث بيانات,مرفق صورة من بطاقة الرقم القومي وأود تحديث اسمي لكي يكون مطابقا لها
مشكله تخص المقررات,يوجد تكرار ثلاث مرات لمرة غياب بنفس التاريخ في نفس السكشن مما أدى إلى سحب المادة
مشكله درجات ونتائج,لقد تقدمت بشكوى في اجازة نصف العام ولم يحدث شئ الشكوى كانت مضمونها ان لم ترصد دراجات التدريب الصيفي الخارجي الذي انتهيت بة في أخر الترم الصيفي و كان التدريب Frontend G-mind و المشرف بشمهندسة ميار تواصلت مع دكتور عمرو امين و الدكتورة ماجدة و مزالت المشكلة لم تحل و الدراجات لم ترصد و تقديري في هذة المادة راسب
حذف و اضافه,طلب سحب مادة تكنولوجيا اللغة للفصل الدراسي الأول 2022/2023
مشكله درجات ونتائج,خطأ في رصد درجة اختبار
اخرى,تسجيل مواد من جروب g1 ل g2
مشكله امتحانات,امتحنت الماده مرتين عشان اول مره عملت submit للامتحان اول مره وفي النتيجه طلع اني متغيب عن الماده فامتحنت الماده تاني
مشاكل النظام (موقع/تسجيل),تسجيل المواد الدراسية يدويا بسبب تعثر تسجيلها على السيستم
مشكله تخص المقررات,كنت مسجل مادة ادفانسيد كالك وجبت فيها B+ وبعد كده لقيتهم سحبوها واضطريت اني اخش فيها سمر وجبت c+ومش عارف ايه السبب ورا السحب
مشكله تخص المقررات,سكشن ال distributed data analysis الفترة الخامسة يوم السبت في نفس المعاد مع سكشن ال Regression في حين وجود سكشن تاني لل distributed يوم الخميس الفترة الرابعة اطلب من حضراتكم تغيير موعد سكشن ال distributed data analysis ليوم الخميس الفترة الرابعة ، وشكرا.
مشكله تخص المقررات,انا في السنة الدراسية الثالثة امتحنت مادة حقوق انسان منذ عام و لم ترصد لي الدرجة على الموقع بالرسوب او النجاح رغم أن اسمي كان مسجلاً في كشف الامتحان و قد اتمتت الامتحان المرغوب هو تسجيل الدرجة على الموقع سواء بالرسوب او النجاح
مشاكل النظام (موقع/تسجيل),تسجيل distributed data analysis
مشكله درجات ونتائج,لم تظهر لي درجة مادة حقوق انسان و قد اديت الامتحان و انا الان في الفرقة الثالثة و قد اديت الامتحان في الترم الثاني لي في الكلية
مشكله تمنع التخرج,لم يتم نزول مادة قضايا مجتمعية وهي شرط للتخرج
مشكله تمنع التخرج,انا عدد الساعات بتاعتي 97 ساعه و عايز اسجل project 1 الترم التاني علشان اقدر اسجل project 2 الترم الاول السنه اللي القادمه علشان اقدر اتخرج الترم الاول السنه القادمه
مشاكل النظام (موقع/تسجيل),فيه 6 ساعات غير محسوبين علي الموقع علي الترم الاول حيث ان مجموع عدد الساعات ٩١ بدل ٩٧
مشكله تخص المقررات,لم أحضر امتحان المواد الآتية: web programming - introduction to databases و field training 2 و مكتوبلي على الموقع f و محسوبين في ال cgpa بدل ما يتكتبلي abs أو w أو fw فيهم مع إني محضرتش إمتحان الفاينال بتاع المواد دي.
مشكله درجات ونتائج,تم حسابة cgpa بطريقة خاطئة
مشاكل النظام (موقع/تسجيل),أرغب في إبلاغكم بمشكلة تقنية في موقع الجامعة الإلكتروني، حيث لا يعمل بشكل صحيح منذ فترة. هذا التوقف يؤثر على قدرتنا كطلاب على الوصول إلى المعلومات الضرورية وإكمال الأعمال الأكاديمية. نأمل منكم حل هذه المشكلة بأسرع وقت ممكن.مع فائق الاحترام،
مشكله درجات ونتائج,سيدي موظف شؤون الطلبة،أتقدم بطلب للحصول على نتائج الاختبارات الأخيرة التي أجريتها. لم يتمكن الطلاب من الوصول إلى نتائجهم حتى الآن، وهذا يثير القلق بين الطلاب. أرجو منكم توفير المعلومات اللازمة بخصوص النتائج.
تحويل مسار,أتقدم بطلب تحويل مسار دراستي بسبب تغير اهتماماتي وتطلعاتي المهنية. أرجو منكم مساعدتي في إكمال الإجراءات اللازمة لتحويل مساري الدراسي بأسرع وقت ممكن.
اخرى,ود أن أبدي انزعاجي من مشكلة واجهتني أثناء عملية التسجيل للفصل الدراسي القادم. لقد واجهت صعوبات تقنية تعترضني عن استكمال عملية التسجيل بنجاح. أتمنى منكم المساعدة في حل هذه المشكلة وتسهيل عملية التسجيل.
مشكله تخص المقررات,أود أن أعرب عن استيائي بشأن مشكلة تنسيق المقررات في جدولي الدراسي. تسبب هذا الخطأ في تداخل الحصص وصعوبة التنسيق بين المواد. أرجو منكم اتخاذ الإجراءات اللازمة لحل هذه المشكلة بأسرع وقت ممكن
مشكله تخص المقررات,توجه إليكم بخصوص مشكلة تواجهني في أحد المقررات التي أدرسها. لاحظت بعض الاختلالات في طريقة تنفيذ المقرر وأرغب في استفسار حول الإجراءات التي يمكن اتخاذها لحل هذه المشكلة.
مشكله تخص المقررات,ود أن أعرب عن استيائي بشأن مشكلة تنسيق المقررات في جدولي الدراسي. تسبب هذا الخطأ في تداخل الحصص وصعوبة التنسيق بين المواد. أرجو منكم اتخاذ الإجراءات اللازمة لحل هذه المشكلة بأسرع وقت ممكن.
مشاكل النظام (موقع/تسجيل),ود أن أبدي انزعاجي من مشكلة واجهتني أثناء عملية التسجيل للفصل الدراسي القادم. لقد واجهت صعوبات تقنية تعترضني عن استكمال عملية التسجيل بنجاح. أتمنى منكم المساعدة في حل هذه المشكلة وتسهيل عملية التسجيل.
تحويل مسار,أتقدم بطلب تحويل مسار دراستي بسبب تغير اهتماماتي وتطلعاتي المهنية. أرجو منكم مساعدتي في إكمال الإجراءات اللازمة لتحويل مساري الدراسي بأسرع وقت ممكن.
مشكله درجات ونتائج,أتقدم بطلب للحصول على نتائج الاختبارات الأخيرة التي أجريتها. لم يتمكن الطلاب من الوصول إلى نتائجهم حتى الآن، وهذا يثير القلق بين الطلاب. أرجو منكم توفير المعلومات اللازمة بخصوص النتائج.
مشاكل النظام (موقع/تسجيل),أرغب في إبلاغكم بمشكلة تقنية في موقع الجامعة الإلكتروني، حيث لا يعمل بشكل صحيح منذ فترة. هذا التوقف يؤثر على قدرتنا كطلاب على الوصول إلى المعلومات الضرورية وإكمال الأعمال الأكاديمية. نأمل منكم حل هذه المشكلة بأسرع وقت ممكن.
حذف و اضافه,أتقدم بطلب لإضافة مقرر دراسي إلى جدولي الدراسي وحذف مقرر آخر بسبب ظروف شخصية. أتمنى منكم توجيهي في الخطوات اللازمة لاتمام هذه العملية.
اخرى,أتوجه إليكم بخصوص مشكلة تواجهني في أحد المقررات التي أدرسها. لاحظت بعض الاختلالات في طريقة تنفيذ المقرر وأرغب في استفسار حول الإجراءات التي يمكن اتخاذها لحل هذه المشكلة.
اخرى,أود أن أعرب عن استيائي بشأن مشكلة تنسيق المقررات في جدولي الدراسي. تسبب هذا الخطأ في تداخل الحصص وصعوبة التنسيق بين المواد. أرجو منكم اتخاذ الإجراءات اللازمة لحل هذه المشكلة بأسرع وقت ممكن.
مشاكل النظام (موقع/تسجيل),أود أن أبدي انزعاجي من مشكلة واجهتني أثناء عملية التسجيل للفصل الدراسي القادم. لقد واجهت صعوبات تقنية تعترضني عن استكمال عملية التسجيل بنجاح. أتمنى منكم المساعدة في حل هذه المشكلة وتسهيل عملية التسجيل.
تحويل مسار,أتقدم بطلب تحويل مسار دراستي بسبب تغير اهتماماتي وتطلعاتي المهنية. أرجو منكم مساعدتي في إكمال الإجراءات اللازمة لتحويل مساري الدراسي بأسرع وقت ممكن.
مشكله درجات ونتائج,أتقدم بطلب للحصول على نتائج الاختبارات الأخيرة التي أجريتها. لم يتمكن الطلاب من الوصول إلى نتائجهم حتى الآن، وهذا يثير القلق بين الطلاب. أرجو منكم توفير المعلومات اللازمة بخصوص النتائج.
مشاكل النظام (موقع/تسجيل),رغب في إبلاغكم بمشكلة تقنية في موقع الجامعة الإلكتروني، حيث لا يعمل بشكل صحيح منذ فترة. هذا التوقف يؤثر على قدرتنا كطلاب على الوصول إلى المعلومات الضرورية وإكمال الأعمال الأكاديمية. نأمل منكم حل هذه المشكلة بأسرع وقت ممكن.
حذف و اضافه,أتقدم بطلب لإضافة مقرر دراسي إلى جدولي الدراسي وحذف مقرر آخر بسبب ظروف شخصية. أتمنى منكم توجيهي في الخطوات اللازمة لاتمام هذه العملية.
اخرى,أتوجه إليكم بخصوص مشكلة تواجهني في أحد المقررات التي أدرسها. لاحظت بعض الاختلالات في طريقة تنفيذ المقرر وأرغب في استفسار حول الإجراءات التي يمكن اتخاذها لحل هذه المشكلة.
مشكله تخص المقررات,أود أن أعرب عن استيائي بشأن مشكلة تنسيق المقررات في جدولي الدراسي. تسبب هذا الخطأ في تداخل الحصص وصعوبة التنسيق بين المواد. أرجو منكم اتخاذ الإجراءات اللازمة لحل هذه المشكلة بأسرع وقت ممكن.
مشاكل النظام (موقع/تسجيل),أود أن أبدي انزعاجي من مشكلة واجهتني أثناء عملية التسجيل للفصل الدراسي القادم. لقد واجهت صعوبات تقنية تعترضني عن استكمال عملية التسجيل بنجاح. أتمنى منكم المساعدة في حل هذه المشكلة وتسهيل عملية التسجيل.
تحويل مسار,تقدم بطلب تحويل مسار دراستي بسبب تغير اهتماماتي وتطلعاتي المهنية. أرجو منكم مساعدتي في إكمال الإجراءات اللازمة لتحويل مساري الدراسي بأسرع وقت ممكن.
مشكله درجات ونتائج,أتقدم بطلب للحصول على نتائج الاختبارات الأخيرة التي أجريتها. لم يتمكن الطلاب من الوصول إلى نتائجهم حتى الآن، وهذا يثير القلق بين الطلاب. أرجو منكم توفير المعلومات اللازمة بخصوص النتائج.
مشاكل النظام (موقع/تسجيل),أرغب في إبلاغكم بمشكلة تقنية في موقع الجامعة الإلكتروني، حيث لا يعمل بشكل صحيح منذ فترة. هذا التوقف يؤثر على قدرتنا كطلاب على الوصول إلى المعلومات الضرورية وإكمال الأعمال الأكاديمية. نأمل منكم حل هذه المشكلة بأسرع وقت ممكن.
حذف و اضافه,أتقدم بطلب لإضافة مقرر دراسي إلى جدولي الدراسي وحذف مقرر آخر بسبب ظروف شخصية. أتمنى منكم توجيهي في الخطوات اللازمة لاتمام هذه العملية.
حذف و اضافه,سحب ماده simulation على الموقع والحرمان من دخول الامتحان بالرغم من انى لم أغب فى السكشن سوى مره واحده
مشكله تخص المقررات,ماده ال data science انسحبت وانا مغبتش غير مرتين فى السكشن بس ومحسوبلى ٤ مرات غياب
مشاكل النظام (موقع/تسجيل),ترم كرونا كنت منسحب منه ومحسوبلى على الموقع F انى راسب
تحويل مسار,قم بتقديم طلب تحويل من تراك data science إلى تراك خاص cyber security ولم ينفذ
تحويل مسار,طلب تحويل من القسم الخاص Business intelligence إلى (القسم العام ) data science
طلاب وافدين,انا مغترب من السودان قمت بدفع رسوم الكليه بالدولار  وقدرها 1000دولار ولم يتم احتساب انى قمت بدفع المصاريف
مشاكل النظام (موقع/تسجيل),لم تنزل نتيجه التدريب على الموقع بالرغم من نزولها لجميع الطلاب
مشاكل النظام (موقع/تسجيل),لم تظهر نتيجه التدريب الخارجى على موقع بن الهيثم
مشكله درجات ونتائج,حجب نتيجة الترم بالرغم من دفع مصاريف الكلية
مشاكل النظام (موقع/تسجيل),عدم القدره على فتح الايميل الخاص بيا على موقع الكلية
مشاكل النظام (موقع/تسجيل),تم حظرى على موقع الكلية وعدم القدره على تسجيل الدخول إلى الموقع
اعتذار عن فصل / عام دراسي,طلب انسحاب من الترم الدراسى 2024/2025
اعتذار عن فصل / عام دراسي,قمت بالانسحاب من الترم الدراسى الثانى 2022/2021 واحتسب لى راسب مما جعلنى  هاف لود  ١.٨٩ CGPA ولم استطع تسجيل المواد الدراسيه كامله بسبب شروط الكليه ال تلزمنى بتسجيل ١٢ ساعه فقط بدل من ١٩ ساعه فى الوضع الطبيعي
مشاكل النظام (موقع/تسجيل),حساب ال CGPA على موقع بطريقه خاطئه حيث محسوب 6.533 وهذا غير منطقى مع العلم أن المعد التراكمي الكامل من 4
مشاكل النظام (موقع/تسجيل),ال CGPA محسوب غلط على الموقع محسوب انى 5.352 والمفروض ال CGPA آخره 4
مشكله درجات ونتائج,اختفاء نتيجه ماده ال critical thinking من على الموقع ومكتوبلى N/A بالرغم انها كانت موجودة قبل كدا
اخرى,طلب رفع درجة ماده  Advanced date basis من 75الى 76 حتى يزيد التقدير من B- إلى B ومع العلم بموافقة الدكتور على ذالك
مشاكل النظام (موقع/تسجيل),حذف ماده stream processing من على الموقع تلقائياً بالرغم من تسجيلها مع باقى المواد
مشاكل النظام (موقع/تسجيل),عدم القدره على تسجيل مشروع التخرج project 1 على الموقع مع العلم بقرب انتهاء الترم الدراسى
اخرى,اخرى
تنسيق,قدم طلب الالتحاق بكليه الحاسبات وعلوم البيانات وجموعى فى الثانوية العامه 93.6  ما يعادل383.5وتم رفض طلب مع العلم أن الكلية تقبل من مجموع 90 ٪
اخرى,تغير موعد سكشن ماده Convex يوم الاثنين الفتره الثالثه الساعه ١٢.٥ إلى اى معاد اخر لانه يتعارض مع محاضره دكتور ماجده ماده data science methodology
اخرى,عاوز انتقل من سكشن بشمهندس ريم فتره ١ الساعه8.5الى سكشن بشمهندس محمود عادل فتره 3 حتى اتمكنت من تسجيل Regression  بسبب حدوث تعارض وعدم القدره على التسجيل فى سكشن بشمهندس محمود عادل بسسب اكتمال العدد
حذف و اضافه,حذف ماده Convex وتسجيل بدل منها ماده simulation
حذف و اضافه,طلب حذف ماده leanir algorithm من تسجيل المواد
تحديث بيانات,تحديث 
تحديث بيانات,تحديث بيانات
مشكله تمنع التخرج,لقد قمت باءنهاء مواد الكلية المقررة والاختياريه وإكمال 140 ساعه رغم ذالك يظهر لى انى لم اكمل ساعات الكليه المطلوبه بسبب عدم احتساب ماده critical thinking وهى ب ساعتين مما يمنعنى من التخرج
طلاب وافدين,انا طالب وافد من الامارات وقمت بالتحويل من جامعة الملك فهد إلى كلية الحاسبات وعلوم البيانات جامعة الإسكندرية واريد التقديم فى القسم العام وتم رفض طلب تقديمى والزامى بالدخول فى أحد الأقسام الخاصة فى السنه الدراسيه الاولى وارغب فى الانتقال إلى القسم العام
تحديث بيانات,أسمى ( عبدالرحمن سعيد محمد محمد محمد) اريد تغير اسمى موقع بن الهيثم حيث مكتوب بطريقة خاطئة وجعل (محمدمحمد محمد) اسم مركب وهو خطأ فى الموقع
تحديث بيانات,طلب تحويل أسمى باللغة الإنجليزية على موقع الكلية
اعتذار عن فصل / عام دراسي,اريد الانسحاب من العامل الدراسى ٢٠٢٢/٢٠٢٣ لظروف صحيه مرفقه مع الشكوى
تحويل مسار,المشكله هى طلب تحويل مسار من القسم العام إلى قسم الخاص Ai (Artificial intelligence)
اعتذار عن فصل / عام دراسي,"ارجو حذف جميع مقررات فصل ربيع ٢٠٢٢ وهى مقررات calculus, leanir Algeria ,computer network , potability 1 , حقوق الإنسان"
مشكله تخص المقررات,ارجو استعاده ساعات ماده simulation  وحسبها على الموقع
اخرى,تغير موعد سكشن ماده Advanced date basis
شؤون خريجين,تقديم طلب الحصول على أفاده تخرج
حذف و اضافه,لقد انسحبت من ماده Algorithm ولا تزال على موقع الكلية
شؤون خريجين, اريد طلب أفاده من الكليه من أجل الالتحاق بالجيش والكليه ترفض
شؤون خريجين,قدمت طلب الحصول على شهاده تخرج ولا رد حتى الآن
شؤون خريجين,طلب استخراج شهاده الكلية الانجليزيه منذ شهر ولم تستخرج حتى الان
مشكله امتحانات,امتحنت امتحان الميد فى ماده matho وقد تم عقد اعاده للامتحان بدون معرفتى ولم امتحن الامتحان الثانى مع العلم اني امتحنت الاصحاب الاساسي الموجود في جدول الامتحانات
مشكله تمنع التخرج,انا كنت مسجل عدد ساعات ١١ ساعه وتقدمت بشكوى لزيادة عدد الساعات ١٨ حيث اننى بالمستوى الرابع ( ترم تخرج) ومتبقى لى عدد الساعات ١٨ فقط
مشاكل النظام (موقع/تسجيل),"تم تحديد مكان اللجنة على ابن الهيثم "" طرقة معامل رابع "" و عند الامتحان اسمى مكنش موجود وكملت الإمتحان ومضيت إقرار و أثناء فترة الامتحانات تغير المكان ل طرقة معامل ثالث "" وعند إصدار درجات الميد تيرم أتحسبت غياب"
مشكله مصاريف,سجلت ماده Advanced Calculus الصيف الماضى ولم أحضر ، فسحبت ولكن على موقع المصروفات يوجد ٩٠٠ جنيها زيادة على مصاريف التيرم ٣١٠٠
مشكله امتحانات,اتممت امتحان مادة Calculus فى لجنة غير التي كنت ينبغى اتمام بها ومضيت اقرار بذلك ولم يتم تسجيل درجتى حتى الآن ومن المرجح ان ورقة الامتحان لم يتم تصحيحها من الأساس
حذف و اضافه,حذف ماده ال Calculus
مشاكل النظام (موقع/تسجيل),"يوجد لدى مشكلة في تسجيل سكشن مادة , system Analysis على موقع بن الهيثم رغم تسجيلي للمحاضرة والمادة"
مشكله تخص المقررات,"١-  ليس عندي في الجدول section probability

 ٢- لم امتحن امتحان الـ critical thinking عشان الموقع مدخلنيش"
مشاكل النظام (موقع/تسجيل),عدم تسجيل السكاشن في الجدول الدراسي
مشكله مصاريف,السلام عليكم أنا سجلت مادتين فى الترم الصيفى ولكن بسبب مشاكل مالية لم أحضر المادتين لتوفير النفاقات ، ولكن تم أضافة ٠١٨٠ زيادة على المصاريف مع العلم أن المادة مسحوبة من على ابن الهيم برجاء حذف المادة وتعديل المصروفات من ٤٨١٥ إلى ٣٩١٥
مشاكل النظام (موقع/تسجيل), ابن الهيثم
مشاكل النظام (موقع/تسجيل),السكاشن مش متسجله على ابن الهيثم
مشكله مصاريف,لقد قمت بتسجيل المقررات الوارد ذكرها في التيرم الصيفى ثم قمت بحذفهم وبالفعل تم حذفهم من نظام ابن الهيثم ولكن ما زالت مصروفاتهم موجودة بالمديونية
مشكله امتحانات,امتحتنت امتحان يمتحن امتحانات 
مشكله درجات ونتائج,"درجه f,  F fw,FW"
مشكله امتحانات,امتحنت امتحان الميد فى ماده math 0  وقد تم عقد اعاده للامتحان بدون معرفتى ولم امتحن الامتحان الثاني مع العلم انى امتحنت الامتحات الاساسي الموجود في جدول الامتحانات
مشكله درجات ونتائج,فنرجو تحويل المارة إلى ABS بدلا من fr
مشكله امتحانات,انه قد حصل بعض الظروف ولم أستطع الدخول إلى امتحان الفاينال للمادة وقد تم احتساب المادة كساقط وليس غائب وقد تم التأثير على الجى بى اى فنرجو تحويل المارة إلى ABS بدلا من fr
مشاكل النظام (موقع/تسجيل),موقع الكليه 
مشاكل النظام (موقع/تسجيل),ابن الهيثم
مشاكل النظام (موقع/تسجيل),ـ email الجامعي
مشاكل النظام (موقع/تسجيل), ليس عندی فصل probability فى الجدول  تم ضياع من الـ email الجامعي
مشكله درجات ونتائج,معدل التراكمى
مشكله درجات ونتائج,درجات درجه مواد
مشكله درجات ونتائج,}CGBA cgba
مشكله درجات ونتائج,GPAو grade gba
مشكله درجات ونتائج,لم يتم تغير ال GPA بعد ظهور نتيجة Field training في الفصل الصيفي على موقع ابن الهيثم
مشكله مصاريف,مبلغ مالى
مشكله مصاريف,مديونيه
مشكله مصاريف,جنيها و جنيه
مشكله مصاريف,تم خصم مبلغ ٩٠٠ جنيه من حساب الفيزا من كورس السمر لمادة advanced Calculus مع العلم أنه تم سحب المادة بورقة رسمية بـ ولم توجد فى ابن الهيثم بعد السحب ومرفق ورقة رسمية من الكلية بأن المادة لم يتم أخذها سمر تم دفع مصروفات السنة + 900 جنية
مشكله مصاريف,مديونية قدرها ١٩٥٠٠ جنية بسبب عدم الحصول على موافقة خصم الأوائل ( 75%) فى الترم الثالث و تطبيق خصم خاطئ فى الترم الخامس (٧٠) وعدد من الغرامات بسبب عدم دفع المديونية
مشكله تخص المقررات,مقرر 
مشكله تخص المقررات,ماده  
مشكله تخص المقررات,عدم اضافه ماده التدريب الخارجى حيث اننى قمت بدفع المصاريف و حضورى للتدريب و اتمامى الامتحان النهائى الخاص بالتدريب
حذف و اضافه,حذف
حذف و اضافه,اضافه
حذف و اضافه,طلب
حذف و اضافه,قمت بطللب حذف ماده الجورزم و اضافه ماده التفاضل و لم تظهر لى نتيجه ماده التفاضل حتى الان و الدكتور قالى انى مش مسجلها
مشكله درجات ونتائج,خلصت 4 مواد من متطلبات الكليه الاختياريه حيث ان الcgpa حسابه غلط لانه حاسبلى ماده الmobil وانا كدا المفروض اخت واحده اعلى منها
مشاكل النظام (موقع/تسجيل),تسجيلى للمواد فى الصيف عدد 3 مواد و تم حذف ماده من التسجيل وعشان اسجلها تانى لازم اعمل طلب اضافه بى فلوس
فتح مقررات,سقوطى فى مواد الرياضه اكثر من مره لاننى دبلومه امريكيه و لم يتوفر لى اضافه ماده الماث 0  لابل
مشكله درجات ونتائج,تم تسجيل درجات اعمال السنه من قبل المعيد بالخطا و انتظرت اعاده التصحيح و لم تظهر النتيجه التعديل حتى الان و نتيجه الفاينل ظهرت
مشاكل النظام (موقع/تسجيل),عدم امكانيتى بتسجيل سكشن البروبابيلتى بسبب محاضره النتورك ولم يتم اضافه معاد اخر للسيكشن
مشكله تمنع التخرج,تخرج
مشكله تمنع التخرج,سنه تخرج ترم تخرج
مشكله تمنع التخرج,اخر سنه اخر ترم
مشكله تمنع التخرج,خريج يتخرج
مشكله تمنع التخرج,لا يمكننى معرفه تسجيل سكشن الريجريشن بسبب عدم تواجد معاد اخر ليه بسبب تواجد محاضره داتا كومبيتيشن وعدم معرفتى بحذف اى ماده فيهم بسبب ترم التخرج
استرجاع مقررات,سحب 
استرجاع مقررات,سحب  ماده softwear engenering رغم غيابى مرتين فقط
مشكله درجات ونتائج,لم تظهر درجه التدريب وانا حاضر و مسجل اسمى فى الحضور
مشكله درجات ونتائج,يسقط سقوط
مشكله درجات ونتائج,تظلم
مشكله درجات ونتائج,تم قبول تظلمى فى ماده اوبريتنج سيستيم و لم يتم تعديل الدرجه على الموقع و ال cgpa
مشكله درجات ونتائج,احتساب سقوطى عدد مرتين فى ماده الريجريشن وذلك يؤثر على ال cgpa
مشكله تمنع التخرج,برجاء تسجيلى لماده الموبايل مع القسم الخاص لعدم فتحها لى مع القسم العام و انا اخر ترم (ترم تخرج)
مشاكل النظام (موقع/تسجيل),لم يتم اضافه عدد الساعات الخاصه بى الترم الاول 2022/2023 المفروض 54 ساعه بدل 36 ساعه عدد كلى للساعات على الموقع
مشكله درجات ونتائج,يحسب درجه
مشكله درجات ونتائج,لم تحتسب درجه التدريب فى الصيف حتى الان
فتح مقررات,فتح ماده 
فتح مقررات,فتح معاد اخر لى محاضره السوفت وير بسبب تواجد معاد محاضره النتورك
فتح مقررات,فتح  
فتح مقررات,فتح معاد اخر لى محاضره السوفت وير بسبب تواجد معاد محاضره النتورك
استرجاع مقررات,أسمى نزل فى كشف سحب مواد رغم أن دكتور احمد طائل أكد أنى كنت بحضر وقالى لازم ابلغ الشؤون أنهم يشيلوا أسمى من الماده ويوجد عذر طبى وارجوا عدم سحب ماده ٣١/١٠ - ٧/١١ ليوم ٣/١٠كان اول يوم فى الدراسه يوم ٢٨/١١ اجازه مرضى  دكتور احمد طايل أكد أنى كنت  حاضر
مشكله امتحانات,"اتشرف انا خالد حلمى عبد الحفيظ فراج طالب جامعى بالمستوى الثانى بكلية الحاسبات وعلوم البيانات بتقديم لمعاليكم ذالك الالتماس بخصوص عدم تمكن من حضور بعض المحاضرات والسكاشن لبعض المواد وبيانتها كالتالى :-
Ai , Data science methodology, numerical 
وذالك لتعرضى لحادث اليم بمحافظة الإسماعيلية مما كان له آثار صحيه ونفسية شديدة الصعوبة والتى على إثرها لم اتمكن من حضور تلك المحاضرات والسكاشن للمادة السالف الإشارة إليها والتى على إثرها تم سحب تلك المواد وعدم تمكن من دخول الامتحانات النهائيه لها ونعود نشير على الآثار الصحية لذالك الحادث وضرورة اجراء عمليه فى العين والجارى الاستعداد لها ومرفق بذالك الالتماس التقرير الطبى المؤيد لتلك الأقوال فبرجاء موافقه م عليكم على قبول ذالك العذر واتخاذ اللازم لعدم سحب المواد المشار إليها وتمكينى من أداء الامتحانات النهائيه لتلك المواد"
مشكله امتحانات,incomplite
مشكله امتحانات,برجاء التفضل من سيادتكم اعاده المواد والامتحان incomplite
استرجاع مقررات,"نتيجه الغياب المرضى تم سحب المواد linear algebra, programming, introduction to computer system  حضر الميد ترم"
حذف و اضافه,اعاده تسجيل ماده convex مره اخرى
استرجاع مقررات,تم سحب الماده convex optimization  وانا كنت فى بطولة الجامعة وتم غلق الموقع ولا استطيع إعادة تسجيلها
استرجاع مقررات,أنه قد تم سحب الماده اجبارى لى قبل الامتحان بثلاثه ايام وتمنى قد غبت فى عدد من المحاضرات نظرا لاننى كنت مرضيا جدا ولم استطع الحضور فى تلك الأيام وايضا لاننى اسكن بعيدا عن الكلية فلن استطع الحضور وارجوا أن يتم إرجاع الماده لى
مشكله تمنع التخرج,"طلب اضافه ماده project 1 للطالبه نوران مجدى سلامه للأسباب التالية 
١- لعدم وجود دفعه تخرج فى العام الجامعي ٢٠٢٣/٢٠٢٤ 
٢- زياده عدد الساعات المسجله إلى ١٥ ساعه"
مشكله درجات ونتائج,لم تحتسب درجات الميد ترم وأخذت الامتحان بعد رجوعى من مؤتمر المناخ ولم تظهر الدرجة+ الدرجة كامله فى الامتحان العملى اخذت اسئله زياده ك بونص بسبب مرتين الغياب السكشن تعويضاً للمؤتمر + 7من 9 فى الكويز + مقفل درجات السكشن
مشكله درجات ونتائج,f F D d A A- B B+ B- 
مشكله درجات ونتائج,half load 
مشكله درجات ونتائج,FW fw C c C- C+ 
مشكله درجات ونتائج,قمت بتحسين المقررين ورسبت فيهم مع العلم بنجاحى فيهما مسبقاً وهذا الرسوب سيؤدى إلى الهبوط فى المعدل التراكمي ووضعى فى ال half load  لذالك اريد تعديل درجة المقررين probability و ال programming من F إلى D واختيار الدرجة الاعلى
مشكله تخص المقررات,"تم تسجيلى غياب فى مقرر ال calculas المحاضره وسبب الغياب هو السفر خارج الدوله وذهبت الى السعودية لأنهاء اقامتى وإكمال إجراءات الخروج النهائي 
واريد إلغاء الغياب"
مشكله امتحانات,"تم تقديم شكوى مرفق بها شهاده مرضيه من مستشفى خاص ورفضت وتم التوثيق حاليا من مستشفى الطلبه العام الوحدة العلاجية 
واريد أعاده الامتحان فى ماده AI - probability - calculus"
مشكله امتحانات,أعاده الامتحان فى ماده AI - probability - calculus مرفق شهاده معتمده من الوحده العلاجية
استرجاع مقررات,غياب
استرجاع مقررات,يرجى إلغاء غياب يوم ٢٠٢٢/١٢/٣ حيث اننى كنت اعاني من نزله معاويه من اليوم ومرفق مع الطلب شهادة مرضيه تثبت اصابتى ،نرجوا إلغاء ما ترتب على غياب هذا اليوم ( سحب ماده social network) . برجاء إعادة امتحان هذه الماده incomplete
حذف و اضافه,تم طلب اضافه ماده computer network ولم يكن تم اضافه ماده اخرى وهى Distributied processing  وانا لم اطلبها
استرجاع مقررات,السلام عليكم انا عامل عملية شرائح ومسامير فى رجلى وكنت غائب لعذر طبى وتم سحب social networks فقط وجميع المقررات لم يتم سحبها ارجو اعاده المادة عشان امتحانها يوم ٢٠٢٣/١/١م اريد اعاده مقرر social network
تحويل مسار,تحويل محول 
تحويل مسار,غيرت من كليه
مشكله درجات ونتائج,اعاده التصحيح
مشكله درجات ونتائج,رصد درجات 
مشكله درجات ونتائج,خطأ فى رصد درجة الميد ترم بسبب عدم وجود ايميل جامعى وتم تسليم الامتحان عن طريق الايميل الجامعى الخاص بهندسة لتأخر تسجيلى على سيستم الكلية لبعد الميد ترم بسبب انى محول من كليه الهندسه مع العلم أنه تم تسليم اسايمنت فى مواد اخرى عن طريق ذات الإيميل وتم رصدهم بنجاح ومع العلم أنه يوجد مشكله فى السيستم ..اعاده التصحيح
مشكله امتحانات,لم يوجد لى رقم فى اللجنة الامتحان على الرغم من تسجيل الماده ولم أؤدى امتحانى
مشكله تخص المقررات,"Probability 2 
استرجاع الماده بعد تقديم العذر الطبى المرفق عليه"
استرجاع مقررات,سحب ماده probability 2 بسبب تكرار الغياب رغم وجود عذر طبى أو إعادة الامتحان  incomplete
مشكله تمنع التخرج,ارجوا دخول الامتحان ومراجعة امرى لانى بالمستوى الرابع وسحب الماده حيسببلى مشاكل كثير مما يؤدى إلى  تقاعدى فى الكلية عام آخر على ماده .ولن اغيب مره اخرى .عدم دخول الامتحان هيأذينى كتير والمشكله التى حدثت أثرت عليا وعلى نفسيتى فى وقت دخول الفاينل ارجو منكم شديد الرجاء بالسماح لى بدخول الماده بأعتبارى ابنتكم
استرجاع مقررات,"كنت مريضه وواخده دور جامد وكانت درجه حرارتى مرتفعة جدا ومازلت مريضه للحين وشفائى لم يكتمل بشكل كامل ولكنى تاذيت وسحبت منى الماده ورغم ذالك كنت بنزل الكلية ولم أخذ وقت كاف. للإعاقة وجودى فى تجمعات كان بيسبب اضطرابات فى التنفس ومعى تقرير ما يثبت ذالك 
اول اسبوع كان عندى مشكله فى الجدول وبظبطه وحضرت فى سكشن تانى وبعدين حولت سكشن دا مما أدى اى تغيبى يوم 10/4"
مشكله امتحانات,دخول امتحان امتحانات
مشكله امتحانات,برجاء إعادة دخول الامتحان لمقرر critical thinking حيث لم احضر الامتحان بسبب عدم معرفة موعد الامتحان بسبب سحب المادة واستعادتها وشكراً . وبالإضافة تم تحقيق شرط اللائحه الذى ينص على حصول الطالب على اكثر من 60% من الأعمال الفصل حيث حققت 80%وتم استيفاء شرط ال incomplete للمقرر وشكراً لسيادتكم
استرجاع مقررات,ارجاع المقررات المحذوفه فى اسرع وقت حتى ادخل الامتحان
استرجاع مقررات,استرجاع
استرجاع مقررات,إن. كنت مريض ومحجوز فى المستشفى ولهذا السبب تغيبت عم المقررات بعضها وليس كلها وتم سحب منى مقرر probability 2  وارغب فى استعادتها إن لم اتمكن ارغب فى استعادتها incomplete
استرجاع مقررات,أنه من المقرر لى عمل عمليه ناسور عصعصى مرتجع بمصاريف ١٥٠٠٠ جنيه فقط لا غير كما هو مرفق مع الشكوى ولم يتم عمل عمليه حتى تتوفر مصاريفها وانى أعانى من مضاعفات ولهذا تغيبت وانسحبت المواد جميعها ولكنى انتظمت الان حتى عمل العملية ولانها أيضا تحتاج الراحه لذالك فضلاً رفع الغياب عنى واسترداد المواد المسحوبه
استرجاع مقررات,ارجوا من سيادتكم رفع الغياب الخاص بى من الفتره من ٢٠٢٢/١٠/١ الى الفتره ٢٠٢٢/١٠/٣١ وإعادة المواد لجعلى قادر على دخول الامتحانات فى مواعيدها ودخول المواد التى كنت غير قادر على دخولها فى مرحله  incomplete
مشكله تخص المقررات,إن الغياب الخاص بى فى فتره من ٢٠٢٢/١٠/١حتى ٢٠٢٢/١٠/٣١ كان بسسب عذر مرضى مرفق تقرير من المستشفى يفيد بذالك وذالك أدى لعدم قدرتى على الحضور فى الكلية فى الفتره المذكوره مما أدى لسحب المواد الاتيه ( Big Data - simulation - social networks - mobile application)
استرجاع مقررات,اعاده ماده intro to computer system بعد سحبها
حذف و اضافه,اتقدم بطلب شكوى لسيادتكم لأنه تم سحب ماده intro to computer system منى وذالك بعد تغيير عن عدد من السكاشن والتى تغيبت عنها بعد أن قدمت طلب حذف واضافه لازاله هذه الماده وتسجيل ماده intro to Ai بدلاً عنها وكنت ملتزم بحضور هذه الماده وعدم تفويت اى جزء يتم شرحه متوقعاً أن يتم قبول طلب الحذف والاضافه ولكن لم يتم قبوله لذا أصبحت احصر جميع محاضرات وسكاشن intro to computer system لتعويض ما فاتنة فأرجوا من سيادتكم قبول شكوتى واعاده ماده intro to computer system بعد سحبها
مشكله امتحانات,ارجوا تحديد موعد آخر للامتحان مع الاحتفاظ بالتقدير
مشكله امتحانات,لقد تغيبت يوم امتحان ماده Data Base بسبب التواء قدمى أثناء القدوم للامتحان وعدم قدرتى على المشى وذهاب. للمستشفى وكرفض شهادة بذالك .لذالك ارجوا من سيادتكم قبول اعتذارى عن عدم دخول الامتحان وتحديد موعد آخر لأداء الامتحان
استرجاع مقررات,رجوع ماده بعد سحبها للتمكن من دخول الامتحان النهائي للمادة وهى computer vision
استرجاع مقررات,تحدثت مع عميد الكلية وطلب منى انى اقدم شكوى لكي يتم استرداد المادة وعوده مقرر computer network بسبب سحبها لتخطى نسبه الغياب ولكن انا كنت مريض ولذلك لم اتمكن من حضور عدد ٢ سكشن فى شهر ١٠ وقد قدمت شهاده مرضيه من مستشفى حكومى لكى اضمن حقى ويتم استرجاع المقرر أن شاء الله
اعتذار عن فصل / عام دراسي,يعتذر عن
اعتذار عن فصل / عام دراسي,تقدمت والده الطالب بطلب تطلب فيه قبول عذره عن العام الجامعي ٢٠٢٢/٢٠٢٣ نظرا لمرافقة والده المريض
مشكله امتحانات,ارجوا من سيادتكم التكرم بالموافقه على أن ادخل امتحان مادتين programming و probability and statistical
استرجاع مقررات,"لقد تم سحب مادتين وهما  and statistical probability و programming 
لانى تغيبت اكثر من مره بسبب مرضى"
حذف و اضافه,حذف مقرر training 2 واضافه مضروع التخرج مع د/ وليد
حذف و اضافه,حذف و اضافه
حذف و اضافه,لم استلم بيان الحاله مما أدى ال عدم تسجيل المقرر ( مشروع التخرج) ولذالك سوف احذف training 2 وسوف اضيف مشروع التخرج مع د/ وليد
مشكله تخص المقررات,سحب مقرر ماده بسبب الغياب عذر سته محاضرات وذالك بسبب مرض بداء السكري وإعانى من أعراض هذا المرض اللعين من هبوط فى السكر وهبوط فى الدوره الدمويه معا يعرض حياتى للخطر وفى بعض الأوقات تضطر الخروج لدخول الحمام أو لأخذ جرعه انسولين ارجوا من سيادتكم النظر لى بعين الرحمه والسماح لى بدخول الامتحان مع الأخذ بالاعتبار فى الاختبار انى حصلت على أعمال سنه ٣٦/٤٠ ولكم منى عظيم الشكر والتقدير
استرجاع مقررات,سحب اجبارى لماده concurrent لهدم الحضور المادة نهائيا بتقدير FW
حذف و اضافه,انسحاب ينسحب 
مشكله تخص المقررات,لم احضر للمادة اى محاضره أو سكشن منذ بدايه الترم ولم تحضر الميدترم وكان مسجل على بن الهيثم ٤ مرات غياب فقط فمن المفروض أن يتم سحب المادة اجبارى (FW) لكن لم يتم سحبها ونظل أسمى فى الكشف الفاينل بالتالى سوف تحسب لى بتقدرى (F) وتم التواصل مع دكتور وليد اسماعيل ودكتور ياسر فؤاد والمحصله التقديم بشكوى لسحبها
حذف و اضافه,ارجوا إضافة ماده ال web إلى جدول. الدراسى لانه التأخر والخطا الحاصل ليس ذنبى وكل المواعيد متاحه فى جدول. فا ارجوا فتح التسجيل بالسيستم واضافه المادة ضرورى
حذف و اضافه,"تم تقديم طلب حذف واضافه بتاريخ ٢٠٢٣/٣/٢ الموافق الخميس لتسجيل ماده ال web لكى اكمل عدد الساعات من 16 ساعه الى 19 ساعه نظرا لحاجتى الماسه لهم لعده اسباب 
١) احتمالية عدم وجود سمر كورس هذا العام 
٢) مازال عندى ٢ تدريب لم ادرسهم"
مشكله امتحانات,ملحق الشكوى بالطلب وما يثبت احقيتى بدخول امتحان ماده ( social networks) incomplete
مشكله امتحانات,مشكله امتحانات
اعتذار عن فصل / عام دراسي,اعتذار عن فصل / عام دراسي
اعتذار عن فصل / عام دراسي,إن والدى مريض يعاني من فشل كلوي ينتج عنه غسيل دموى متكرر ثلاث مرات أسبوعياً بدء من تاريخ ٢٠٢١/٨/٧م وايجابى لفيروس سى ويحتاج للإعاله كل غسيل دموى مدى الحياه عذر عن التغيب الفصليين الدراسيين السابقين
مشكله امتحانات,تم سحب مادتين وإرسال شكوى وتمر الموافقة عليها ولكن تم إعادة ماده والثانية لم تعد وهى ماده probability و تسبب فى عدم حضور الامتحان واريد اعاده الامتحان incomplete
مشكله امتحانات,لم استطع حضور امتحان التفكير الناقد وذالك لقيدى مؤخرا بالكلية وحصول. على الايميل الجامعى فأريد أن امتحن امتحان ال midterm ثانيه
استرجاع مقررات,اعاده تسجيل المقررين المحذوفين
استرجاع مقررات,تم حذف مقررين من موقع بن الهيثم بدون سبب وكان الموقع مغلق ولن أنتبه لذالك
مشكله امتحانات,ارجوا من سيادتكم رفع الغياب الخاص بى فى فتره الموضحه أعلاه المواد المسحوبة لجعلى قادر على دخول الامتحانات فى مواعيدها أو دخول امتحان المواد التى كنت غير قادر على حضورها فى مرحلة incomplete وشكراً
استرجاع مقررات,"تم التواصل مع دكتور حسين طب ليه ،د/ محمد الخولى وشرح له الحاله واعطى موافقة شخصية على السماح بدخول امتحانات المواد
إن الغياب الخاص بى من فتره ٢٠٢٢/١٢/١ حتى نهاية الشهر كنت أعانى من شرخ أسفل العمود الفقرى نتج عنها راحه تامه فى المنزل وتم الكشف وطلب الاشاعه الحاله كما موضح فى هذه الفقره وتم سحب مواد( probability/mobile programming) نتيجة لعدم مقدرتى على الحضور كما هو موضح فى التقرير"
مشكله درجات ونتائج,كنترول/نتائج
مشكله درجات ونتائج,نتيجه ماده و درجه ماده
مشكله درجات ونتائج,تصحيح الدرجات 
مشكله درجات ونتائج,النظر إلى حالتى المرضية ومراعاة هذه الحاله فى التصحيح وانى فى سنه التخرج وارجوا الرأفه والمراعاه فى التصحيح
مشكله درجات ونتائج,انا مريض سكر وتأتى إليا بطبيعة الحال هذا المرض غيبوبة سكر فى بعض الأحيان وقبل امتحان الماده جات آليا هذه الغيبوبة من ما أثر على تركيزى فى الامتحان وعلى اجاباتى وارجوا مراعاه التصحيح والنظر فى حالتى المرضية
حذف و اضافه,"حذف principal of management , Data structure 
واضافت probability و discrete"
حذف و اضافه,قدمت طلب حذف واضافه ولم يقبل ثم تم حذف لى مواد واضافه مواد اخرى لم اطلب اضافتها
مشكله درجات ونتائج,تعديل تقدير 
مشكله درجات ونتائج,"تعديل تقديرات المواد المسحوبة إلى ""W"" والمواد هى concurrent algorithms ,Web"
مشكله درجات ونتائج,"قمت بسحب مادتين 1)web الفصل الدراسى السابق 
2) concurrent algorithms 
ولكن عند ما ارسل دكتور المادة النتيجة تغيرت التقديرات"
مشكله امتحانات,اعاده امتحان ماده النيومركال الخاص بمادة الدكتور بثينه
مشكله امتحانات,برجاء إعادة امتحان ماده النيومركال بسبب وفاة الوالد رحمه الله عليه
مشاكل النظام (موقع/تسجيل),سكشن ماده algorithm design  متسجل فتره خامسه من الساعة ٤ ل٦ وانا عندى ظروف شغل بداية من الساعة ٢ هيبقى افضل لو السكشن قبل الساعة ٢
مشاكل النظام (موقع/تسجيل),"تحيه طيبه وبعد نظراً لأن التسجيل على بن الهيثم كان بأسبقيه التسجيل فلم يتسنى لى أن أسجل مواعيد تتماشى مع ظروفى ،فقد سجلت يوم الاثنين لاب واحد فقط وانا من منطقة بعيدة ( العجمى) 
وفضلا عن اى يوم الثلاثاء ولدى فيه كورس يتعارض مع مواعيد أحد المحاضرات ولم استطع تسجيل موعد يتناسب معه فأطلب منكم أن تغيروا لى هذه المواعيد المرفقة بالاسفل حتى تحقق اكبر استفادة لى فى هذا الترم وتخفيف بعض من الضغط عنى وشكر لتفهمكم 
Computing intensive 
Statistical methods [section الخميس فتره ثالثه]"
مشكله درجات ونتائج,اعاده رصد درجة التقرير وعدم سحب التدريب
مشكله درجات ونتائج,تم تسليم تقرير نهاية التدريب متأخر يومين عن اخر ميعاد التسليم بسبب عذر مرض (COVID -19) وتم إعتماد نتيجة التقرير صفر مع العلم أن درجات جهه التقرير كامله الرجاء اعاده رصد درجة التقرير وعدم سحب التدريب
استرجاع مقررات,الحقيقة أن المادتين ال programming - probability اتسحبوا منى من سبب الغياب لكن فى الحقيقة بحضر محاضرات ووالله بحضر محاضراتهم لكن اتسحبوا منى بسبب السكاشن والمادتين مواعيدهم يوم الأحد مع بعض ويوم الأحد يوم موعد كشف والدتى ومفيش غير. حد يرعاها لا اخواتى متجوزين فا الغرض من الشكوى استرجاع مادتين ال programming  و probability
مشكله درجات ونتائج,"تم تقييمى غ ماده (field training 1) بدرجة 79.666 واعطاءى تقدير (B) 
تزويدى 4. على الدرجة لتصبح (80) والحصول على تقدير (B+)"
استرجاع مقررات,كنت مريض فى فترة من ١٥/١٠الى ٣٠/١٠ ومرفق بالشهادة المريضه كامل التفاصيل فكثر الغياب وادى ذالك إلى سحب هذه المواد الغرض استرجاع المواد المسحوبة
استرجاع مقررات,"تأجيل امتحانات الميد ترم تم سحب ماده probability 2,AI, Data science methodology, Simulation, Numerical, computation"
مشكله امتحانات,نظراً لظروفى الصحية الطارئة وأنى مقدم لسيادتكم الشهاده الطبيه التى تثبت إجراء عملية جراحية باستئصال الطحال وارجو من سيادتكم تأجيل امتحانات الميد ترم
اعتذار عن فصل / عام دراسي,إن والدى كان يعانى من التهاب حاد في الرئه وتدهور فى اوضاع الحسى وكنت مرافق له فى المستشفى اعتذار عن الترم السابق وعدم احتسابه من سنوات الرسوب
مشكله تخص المقررات,السماح باستكمال مقرر (linear algebra) امتحان الامتحان النهائي للمادة فى الأسبوع الأول من الترم القادم بعد التفضل وقبول العذر القهرى الموضح اعلاه
مشكله امتحانات,طلب إستكمال مقرر linear algebra واعتباره incomplete  وذالك بسبب التغيب قهراً عم أداء الامتحان النهائي يسبب الأمطار وإغلاق الطرق خاصه وان سيادة محافظ الإسكندرية أقر بنفسه بتوقف حركة المرور بسبب الامطار وقام بإمضاء اجازه للفئات المسموح لها ذالك يوم 2023/1/12 و عليه فقد حاولت الوصول للامتحان على الموعد ولكن توقف حركة السير كنعنى من الوصول للكليه لأداء الامتحان
مشكله تخص المقررات,سحب ورفع الغياب من المواد المذكورة منذ تاريخ التشخيص حتى انتهاء مده العلاج من يوم ٢٠٢٢/١٠/٣١ حتى ٢٠٢٢/١٢/١
استرجاع مقررات,لقد قدمت مسبقا طلب بالاجازه المرضية موضحاً الشهاده مختومة لمرضى الشديد وعدم القدره على المشى بسبب شرخ فى قدمى فكانت تحتاج للعلاج (جبس) والإجازة تم قبولها وتم احتساب الغياب وسحب المواد
مشكله امتحانات,تم قبول شهر مرض شكوى ، ولم ادخل امتحان ال(AI) ونظرا لعدم وجودى على السيستم الغرض من الشكوى امتحان الماده incomplete
مشكله تخص المقررات,"برجاء رفع الغياب فى الفترة من ٢٠٢٢/١٠/١٦الى ٢٠٢٢/١١/١٦ فى المقررات calculus د.محمد سعد 
Ai د.ياسر فؤاد 
Data science methodology  د.تامر زكريا بطرس"
مشكله امتحانات,نظراً للظروف المرضية واضابتى من ٢٢/١٠/١٦ إلى ٢٠٢٢/١١/١٦ لم اتمكن من حضور المحاضرات والسكاشن وترطب على ذالك سحب المقررات واذا لم أتمكن من حضور الامتحان برجاء السماح لى بأمتحنها incomplete
استرجاع مقررات,تم سحب ماده survey Methodology مع العلم انى غيبت سكشن واحد بس 
مشكله تخص المقررات,غياب غ
مشكله تخص المقررات,اتحسبلي غياب 3 مرات في ماده faculty elective رغم انى مغيبتش ولا سكشن 
اعتذار عن فصل / عام دراسي,الترم اللى فات كنت منسحب منه ومكتوبلى ع السايت F 
طلاب وافدين,سعودى وافد
طلاب وافدين,دولار يورو 
طلاب وافدين,مصاريف بالعمه اجنبيه الدولار
طلاب وافدين,سودانى سورى سافر طيران
طلاب وافدين,وافد / مغترب /هجره 
طلاب وافدين,طلاب وافدين
طلاب وافدين,باسبور ايقامه  تأشيره
طلاب وافدين,كويتى سفر 
طلاب وافدين,مصري مقيم
طلاب وافدين,انا طالب غير مصري قمت بدفع المصروفات بالدولار ولكن لم يتم حسابها على السايت ما الحل؟
مشاكل النظام (موقع/تسجيل),حضرت التدريب الصيفي ولكن لم يتم احتسابه على السايت 
مشكله درجات ونتائج,حجب النتيجه محجوبه
مشكله درجات ونتائج,تم حجب نتيجه الترم الأول بالرغم من انى دافع المصاريف 
مشاكل النظام (موقع/تسجيل),الايميل بتاعى على موقع الكليه مش عايز يفتح نهائي  ايه الحل ؟
مشاكل النظام (موقع/تسجيل),سايت site الايميل email
مشاكل النظام (موقع/تسجيل),اتعملى حظر من السايت ومش عارف ايه السبب او الغى الحظر ده ازاى 
اعتذار عن فصل / عام دراسي,أود الانسحاب من هذا الترم ما الإجراءات التي يجب اتباعها 
مشكله درجات ونتائج,بعد نزول نتيجه ماده Mobile Programming بفتره تم حذفها ومكتوبلى N\A
مشكله درجات ونتائج,طلبت من الدكتور رفع درجه ماده Probability and statistics 1 من 75 الى 76 ليصبح التقدير B بدل B- ورغم موافقة الدكتور لم يتم التعديل ع الموقع
مشاكل النظام (موقع/تسجيل),حاولت تسجيل ماده Project 2 اكتر من مره على الموقع ولم استطيع والترم اقترب على الانتهاء 
مشكله امتحانات,مشكله امتحانات
تنسيق,تنسيق
تنسيق,مجموع ثانويه عامه  مجموعى
تنسيق,مجموعي في الثانوية العامه 94.02% وقمت بالتقديم على كلية الحاسبات وعلوم البيانات ولم يتم قبولى على الرغم من قبول الكليه بمجموع 90%
مشكله تخص المقررات,تفاجأت بتغيير موعد سكشن Introduction to Databases بعد حضوري سكشنين فىى الموعد القديم ولم يتم تبليغي بتحويلي لموعد اخر 
تحديث بيانات,اريد كتابة أسمي بالانجليزيه على موقع ابن الهيثم ولا يمكنني تعديله 
حذف و اضافه,اريد حذف ماده Numerical Computations من المقرر 
مشاكل النظام (موقع/تسجيل),انهيت التربيه العسكريه ولكن لم يتم احتسابها على الموقع ولا استطيع التخرج 
استرجاع مقررات,قمت بتسجيل مادة linear Algebra وعند فتح الموقع مره اخرى وجدتها محذوفه 
حذف و اضافه,تم تسجيل ماده programing 1 ولم استطع حذفها وتغييرها بعد ذلك 
مشاكل النظام (موقع/تسجيل),بتواجهنى صعوبه فى فتح الموقع أغلب الاوقات رغم ان سرعة النت كويسه جدا 
مشاكل النظام (موقع/تسجيل),أقوم بتسجيل المواد والموقع يقفل لوحده ولما افتح تانى مش بلاقى المواد اللى سجلتها 
مشكله درجات ونتائج,حصلت على تقدير فى ماده operating system وعند الفتح فيما بعد وجدت التقدير تم تغييره 
مشاكل النظام (موقع/تسجيل),عند تسجيل المقررات لم يفتح الموقع لأكثر من اسبوعين ولم يتم فتح التسجيل يدويا 
تحديث بيانات,الاسم الذي سجلت به فى الموقع غير مطابق لبطاقة الرقم القومى ولم استطع تعديله رغم الكثير من المحاولات 
استرجاع مقررات,وجدت ماده web programing تم سحبها بسبب غياب 3مرات فى السكشن بنفس التاريخ 
مشكله امتحانات,امتحنت ماده software engineering وعملت submit وفى النتيجه ظهرلى انى متعيب وكنت مضطر امتحن الماده تانى
مشاكل النظام (موقع/تسجيل),لم يفتح الموقع وقمت بتسجيل المواد يدويا وعندما فتح الموقع بعد ذلك وجدت صعوبه فى التسجيل على السيستم 
استرجاع مقررات,نجحت فى ماده Distributed Processing بتقدير B+ وبعدين لاقيت الماده اتسحبت ومعرفش السبب واضطريت ادخلهاسمر كورس تانى 
مشكله تخص المقررات,عندى سكشنين فى نفس اليوم ونفس الميعاد رغم وجود ميعاد تانى لسكشن منهم فى يوم اخر 
مشكله تمنع التخرج,مشكله تمنع التخرج
مشكله تمنع التخرج,تسجيل ماده Algorithm Design مع الخاص لعدم اتاحتها للعام وانا ترم تخرج 
مشكله درجات ونتائج,سجلت ماده حقوق انسان واديت الامتحان ولم يظهر لى نتيجه بالنجاح او الرسوب 
مشكله تمنع التخرج,انا فى ترم تخرج ولم تظهر لى ماده قضايا مجتمعيه على السيستم 
مشاكل النظام (موقع/تسجيل),عدد الساعات بتاعتى اللى ظاهره ع السيستم اقل من عدد الساعات الحقيقيه 
مشكله درجات ونتائج,أتمنى من سيادة موظفين شؤون الطلبه رفع درجات الاختبارات الاخيره التي اجريناها لم نتمكن من الحصول ع الدرجات حتى الان ولم يتبقي سولا وقت قليل على الفاينال 
تحويل مسار,أود ان أقوم بتحويل اوراقى الى جامعه اخرى ما الإجراءات الذى عليا تتبعها 
مشاكل النظام (موقع/تسجيل),أجد صعوبه في التسجيل للترم الدراسي القادم ما الحل هل يمكن فتح التسجيل يدويا 
مشاكل النظام (موقع/تسجيل),لم اقدر على تنسيق جدولى الدراسي بسبب تداخل مواعيد اغلب المواد مع بعضها ارجو من سيادتكم التدخل وحل المشكله 
اخرى,اخرى الخ 
اخرى,dfgsdr jyrj+B333ysfwef
اخرى,اقترح كيف حالك اهلا ملرحبا اعلم اثنى ابشر هاى اهلا hi sghl  dfgsdfgsrdgserggdgdfasdf
اخرى,اقترح على سيادتكم برفع المحتوى الدراسي لكل المواد ع الموقع لسهوله الوصول له بدل من الكثير من جروبات التليجرام والواتساب والفيسبوك 
مشاكل النظام (موقع/تسجيل),عندى 3 سكاشن في نفس الوقت وموجود مواعيد تانيه لسكشنين منهم ومش عارف اغير المواعيد
مشاكل النظام (موقع/تسجيل),عند تسجيل المواد وعمل submit الموقع بيهنج ويقفل ولما افتح تانى مش بلاقى المواد اللي سجلتها 
استرجاع مقررات,دون سابق انذار 
حذف و اضافه,أود حذف ماده وتسجيل ماده اخرى ما الخطوات الذي يجب علي اتباعها 
استرجاع مقررات,استرجاع مقررات
استرجاع مقررات,"أتقدم بشكوى بسبب حذف مادة ""تكنولوجيا اللغة"" من الجدول الدراسي للفصل الدراسي الأول للعام الدراسي 2022/2023 دون سابق إنذار أو توضيح."
مشاكل النظام (موقع/تسجيل),أرغب في شكوى بخصوص صعوبة التسجيل في الموقع الإلكتروني للجامعة، حيث يتطلب التسجيل وقتًا طويلاً ويتوقف الموقع أحيانًا دون إعلان مسبق.
مشكله درجات ونتائج,"أعاني من مشكلة تقنية في موقع الجامعة حيث لم يتمكن الموقع من احتساب درجات مادة ""Data Visualization"" بشكل صحيح، مما أدى إلى تغيير تقديري بشكل غير مبرر."
مشاكل النظام (موقع/تسجيل),لا يتم فتح تسجيل المقررات على الموقع لمدة تزيد عن ثلاثة أسابيع دون حلول أو ترتيبات بديلة للتسجيل اليدوي، مما يعرقل خطط دراستي.
مشكله تمنع التخرج,"أطلب تسجيل مادة ""قضايا مجتمعية"" التي تعتبر شرطًا للتخرج ولم تتوفر لي للتسجيل فيها للفصل الدراسي القادم."
مشاكل النظام (موقع/تسجيل),"تعطل الموقع أثناء فتح تسجيل مادة ""Data Computation"" مما حال دون إمكانية تسجيلها في الوقت المحدد."
تحديث بيانات, أرغب في تحديث اسمي على الموقع ليكون مطابقًا لاسمي كما هو مدرج في بطاقة الرقم القومي.
استرجاع مقررات,تم تكرار ثلاث مرات غيابي في مادة معينة في نفس التاريخ والسكشن مما أدى إلى سحب المادة دون مبرر مقنع أو إجراءات عادلة.
مشكله درجات ونتائج,"أقدم شكوى بخصوص عدم تسجيل تقديري في مادة ""Frontend G-mind"" للتدريب الصيفي الخارجي على الموقع الإلكتروني رغم انتهائي من الدورة بنجاح."
مشاكل النظام (موقع/تسجيل),أعاني من صعوبة في تسجيل مواد من جروب G1 إلى G2 على الموقع الإلكتروني بسبب عدم وضوح الخطوات المطلوبة لهذا التحويل.
مشكله درجات ونتائج,تم حساب تقديري العام CGPA بطريقة غير صحيحة حيث لم يتم احتساب ساعات معينة من الترم الأول، مما أدى إلى انخفاض غير مبرر في التقدير النهائي.
مشاكل النظام (موقع/تسجيل),اأرغب في إبلاغكم بمشكلة تقنية في موقع الجامعة الإلكتروني حيث لا يمكنني فتح البريد الإلكتروني الخاص بي بشكل دائم.
مشاكل النظام (موقع/تسجيل),تم حظري عن موقع الجامعة من دون إعلام مسبق أو توضيح للأسباب، مما يعيق قدرتي على الوصول إلى الموارد الأكاديمية وإنهاء الأعمال الدراسية بشكل سلس.
مشكله درجات ونتائج,أتقدم بشكوى بخصوص عدم تسجيل نتيجة تدريبي الخارجي على موقع بن الهيثم رغم نزولها لجميع الطلاب الآخرين، مما يؤثر على تقدمي الأكاديمي.
مشكله تمنع التخرج,لم يتم تحديث ساعاتي المعتمدة بشكل صحيح على الموقع حيث أن عدد الساعات المعتمدة لم يتم احتسابها بشكل كامل للترم الدراسي الأول، مما يعرقل تقدمي نحو التخرج.
حذف و اضافه,"أرغب في سحب مادة ""Simulation"" من الجدول الدراسي بسبب حرماني من دخول الامتحان رغم عدم غيابي سوى مرة واحدة في السكشن."
مشكله درجات ونتائج,تم حسابي كراسب في ترم كرونا رغم انسحابي منه ولم يتم التواصل معي لتوضيح السبب أو تعديل التقدير النهائي بشكل عادل.
اعتذار عن فصل / عام دراسي,أرغب في طلب انسحاب من الترم الدراسي 2024/2025 نظرًا لظروف شخصية لم تعد ملائمة لاستكمال الدراسة في ذلك الوقت.
مشكله درجات ونتائج, أتقدم بطلب للحصول على نتائج الاختبارات الأخيرة التي أجريتها ولم يتمكن الطلاب من الوصول إليها حتى الآن.
تحويل مسار,تحويل مسار
تحويل مسار,"أطلب تحويل مسار دراستي من القسم الخاص بـ ""Business Intelligence"" إلى ""Data Science"" لتغير اهتماماتي وتطلعاتي المهنية دون أن يتم تنفيذ الطلب بشكل صحيح."
تحديث بيانات,لم يتم تحديث اسمي بعد الإبلاغ بوجود خطاء على الموقع الجامعي.
مشاكل النظام (موقع/تسجيل),"تأخر في تسجيل مادة ""تقنيات البرمجة المتقدمة""."
حذف و اضافه,"حذف مادة ""الذكاء الاصطناعي"" من الجدول دون إشعار مسبق."
مشكله درجات ونتائج,"عدم حساب درجات مادة ""المحاسبة المالية"" بشكل صحيح."
مشاكل النظام (موقع/تسجيل),صعوبة في تسجيل مقررات المستوى الثالث عبر الإنترنت.
مشاكل النظام (موقع/تسجيل),انقطاع متكرر للخدمة على موقع الجامعة أثناء فترات التسجيل.
تحويل مسار,"طلب تحويل من قسم ""الهندسة الكيميائية"" إلى ""الهندسة الميكانيكية""."
فتح مقررات,"عدم توفر مقرر ""التخرج والبحث"" في الفصل الدراسي القادم."
مشكله درجات ونتائج,تأخر في إعلان نتائج امتحانات الفصل الصيفي.
مشكله درجات ونتائج,"طلب لمراجعة وتصحيح نتيجة امتحان ""الفيزياء الحديثة""."
مشاكل النظام (موقع/تسجيل),"عدم إمكانية التسجيل في مادة ""اللغة الإنجليزية للمبتدئين""."
شؤون خريجين,عدم استلام شهادة التخرج بعد انتهاء المدة المحددة.
اعتذار عن فصل / عام دراسي,طلب اعتذار عن الفصل الدراسي الحالي بسبب ظروف شخصية طارئة.
طلاب وافدين,صعوبة في إصدار تأشيرة الدراسة بسبب تأخر استكمال الأوراق الرسمية من الجامعة
مشكله تمنع التخرج,أتمنى من فضيلتكم دخول الامتحان ومراجعة أمري؛ فأنا بالمستوى الرابع وسيتسبب سحب المادة في مشاكل كثيرة، مما يمكن أن يؤدي إلى تأجيل تخرجي في الكلية لعام إضافي على الأقل. أرجو أن لا يتكرر غيابي مجددًا، وكان عدم حضور الامتحان مؤذيًا لي كثيرًا، والمشكلة التي حدثت أثرت علي بشكل كبير في وقت الامتحان النهائي. أتمنى من فضيلتكم شديد الرجاء بالسماح لي بدخول الامتحان بناءً على مراعاتكم لي كابنتكم.
استرجاع مقررات,أنا كنت مريضة وكانت حالتي خطيرة للغاية، ولا زلت مريضة حتى الآن، ولم يكتمل شفائي تمامًا. تعرضت للضغوط بسبب سحب المادة رغم حضوري للكلية بانتظام، ولم أستطع أخذ وقت كافٍ بسبب إعاقتي التي تسببت في اضطرابات في التنفس، وأملك تقريرًا يثبت ذلك.
اخرى,حذف الغياب /حذف ايام الغياب 
اخرى,في الأسبوع الأول كان لدي مشكلة في الجدول الدراسي، وتم تصحيحها، لكنني تأخرت في حضور الصف الثاني وتحولت إلى صف آخر، مما أدى إلى غيابي في يوم 10/4.
مشكله امتحانات,"أرجو منكم إعادة دخول امتحان مادة ""التفكير النقدي""، حيث لم أحضر الامتحان بسبب عدم معرفتي بموعده بسبب سحب المادة واستعادتها، ولقد تحققت من شرط اللائحة بحصولي على أكثر من 60% من أعمال الفصل، حيث حققت 80%، وتم استيفاء شرط ""المادة غير مكتملة"" للمقرر."
استرجاع مقررات,أرجو إعادة المقررات المحذوفة بأسرع وقت ممكن حتى أتمكن من دخول الامتحان.
استرجاع مقررات,"لقد كنت مريضة ومحجوزة في المستشفى، ولهذا السبب تغيبت عن بعض المقررات وليس كلها، وتم سحب مادة ""الاحتمالات 2"" مني، وأرغب في استعادتها، وإذا لم أستطع، فأرغب في استعادتها بشكل غير مكتمل."
اخرى,أنا مقرر لي عملية جراحية ناسور عصعصي تكلف فقط 15000 جنيه، ومع ذلك لم يتم إجراء العملية حتى تتوفر التكاليف، وأنا أعاني من مضاعفات تجعلني غير قادر على الحضور، ولذا أرجو رفع الغياب عني واسترداد المواد المسحوبة.
استرجاع مقررات,اعاده استرجاع
استرجاع مقررات,"أرجو من فضيلتكم رفع الغياب الخاص بي من الفترة من 2022/10/1 إلى 2022/10/31 وإعادة المواد لأتمكن من دخول الامتحانات في مواعيدها ودخول المواد التي لم أتمكن من حضورها في مرحلة ""غير مكتملة""."
استرجاع مقررات,"الغياب الخاص بي في الفترة من 2022/10/1 إلى 2022/10/31 كان بسبب مرضي، وأرفق تقريرًا من المستشفى يثبت ذلك، مما أدى إلى عدم قدرتي على الحضور في الكلية في تلك الفترة، ومما أدى لسحب المواد التالية: ""Big Data - Simulation - Social Networks - Mobile Application""."
استرجاع مقررات,"أرجو إعادة مادة ""Introduction to Computer Systems"" بعد سحبها."
استرجاع مقررات,"أتقدم بطلب شكوى لفضيلتكم لأنه تم سحب مادة ""Introduction to Computer Systems"" مني بعد تغيير عدد من السكاشنات، والتي تغيبت عنها بعد أن قدمت طلب حذف وإضافة لحذف هذه المادة وتسجيل مادة ""Introduction to AI"" بدلاً منها، وكنت ملتزمًا بحضور هذه المادة وعدم تفويت أي جزء منها، متوقعًا أن يتم قبول طلب الحذف والإضافة، لكن لم يتم ذلك، لذا أصبحت أحصر جميع محاضرات وسكاشنات ""Introduction to Computer Systems"" لتعويض ما فاتني، فأرجو من فضيلتكم قبول شكوتي وإعادة مادة ""Introduction to Computer Systems"" بعد سحبها."
مشكله امتحانات,أرجو تحديد موعد آخر للاختبار مع الاحتفاظ بالتقدير.
مشكله امتحانات,"تغيبت يوم امتحان مادة ""Database"" بسبب التواء في قدمي أثناء القدوم للامتحان وعدم قدرتي على المشي والذهاب للمستشفى ورفض شهادة بذلك، لذا أرجو من فضيلتكم قبول اعتذاري عن عدم دخول الامتحان وتحديد موعد آخر لأداء الامتحان."
استرجاع مقررات,"أرغب في رجوع مادة ""Computer Vision"" بعد سحبها للتمكن من دخول الامتحان النهائي للمادة."
استرجاع مقررات,"تحدثت مع عميد الكلية وطلب مني أن أقدم شكوى لكي يتم استرداد المادة وعودة مقرر ""Computer Network"" بسبب سحبها لتجاوز نسبة الغياب، ولكن كنت مريضًا ولم أتمكن من حضور اثنين من السكاشن في شهر 10، وقد قدمت شهادة طبية من مستشفى حكومي لكي أضمن حقي"
مشكله تخص المقررات,بناءً على الشكاوي المذكورة، قمت بإعادة صياغتها بصيغة مختلفة مع تبديل أسماء المقررات الدراسية بعضها ببعض:
مشكله امتحانات,امتحنت امتحان الميد في مادة الرياضيات وتم عقد امتحان إعادة دون علمي، ولم أجرِ الامتحان الثاني على الرغم من أنني أمتحنت الجلسة الأساسية المدرجة في جدول الامتحانات.
مشكله تمنع التخرج,كنت مسجلًا في 11 ساعة فصلية وقدمت طلبًا لزيادة عدد الساعات إلى 18 ساعة، حيث أنني بالمستوى الرابع (ترم تخرج) ويتبقى لي 18 ساعة فقط.
مشكله امتحانات,تم تحديد مكان لجنة ابن الهيثم - طريقة معامل رابعة، وأثناء الامتحان كنت غائبة وانتقل مكان الامتحان إلى طريقة معامل ثالثة، مما أدى إلى حسابي كغائبة في نتيجة الميد تيرم.
مشكله مصاريف,"سجلت مادة ""الحساب التفاضلي والتكاملي المتقدم"" في الصيف الماضي ولم أحضر، ورغم ذلك تم خصم 900 جنيه من حسابي بسبب المصاريف رغم سحبي من المادة."
مشكله امتحانات,"أكملت امتحان مادة ""التفاضل والتكامل"" في لجنة غير التي كان من المفترض أن أختبر فيها، ولم تُسجل درجتي حتى الآن، ويبدو أن ورقة الامتحان لم يتم تصحيحها بشكل صحيح من الأساس."
حذف و اضافه,"طلبت حذف مادة ""الحساب التفاضلي والتكاملي""."
مشاكل النظام (موقع/تسجيل),"أواجه مشكلة في تسجيل ""سكشن"" مادة ""تحليل النظام"" على موقع ابن الهيثم، على الرغم من تسجيلي للمحاضرة والمادة."
مشاكل النظام (موقع/تسجيل),"ليس لدي ""سكشن"" في الجدول لمادة ""الاحتمالات"""
مشكله امتحانات,"لم أتمكن من أداء امتحان ""التفكير النقدي"" بسبب عدم إدراجي في الجدول الزمني."
مشاكل النظام (موقع/تسجيل),"لم يتم تسجيل ""سكشن"" في الجدول الدراسي."
مشكله مصاريف,تم سحب مادتين في الترم الصيفي بسبب مشاكل مالية، وأطلب تخفيض المصاريف بمبلغ 180 جنيهًا.
مشاكل النظام (موقع/تسجيل),لم يتم تحديث GPA بعد ظهور نتيجة التدريب الميداني في الفصل الصيفي على موقع ابن الهيثم.
مشكله مصاريف,"تم خصم 900 جنيه من حساب الفيزا عن ""مادة الحساب التفاضلي والتكاملي المتقدم"" رغم سحبي الرسمي للمادة، ومرفق ورقة رسمية من الكلية تثبت ذلك."
مشكله مصاريف,مديونيتي تبلغ 19500 جنيه بسبب عدم الحصول على تخفيض الأوائل في الترم الثالث وخطأ في تطبيق تخفيض في الترم الخامس، بالإضافة إلى عدد من الغرامات بسبب عدم دفع المديونية.
حذف و اضافه,"لم يتم إضافة مادة ""التدريب الخارجي"" رغم دفعي للمصاريف وحضوري للتدريب واجتيازي الامتحان النهائي له."
مشكله تخص المقررات,"طلبت حذف مادة ""الجورزم"" وإضافة مادة ""التفاضل والتكامل""، ولم تظهر لي نتيجة مادة ""التفاضل والتكامل"" حتى الآن على الرغم من تأكيد الدكتور على عدم تسجيلي فيها."
مشكله درجات ونتائج,"أنهيت 4 مواد من متطلبات الكلية الاختيارية وتم حساب CGPA بشكل غير صحيح بسبب حساب مادة ""الموبايل"" التي لا يجب حسابها في التقدير."
مشاكل النظام (موقع/تسجيل),لم يتم إضافة عدد الساعات الخاصة بي في الترم الأول 2022/2023 كما هو متوقع، حيث يجب أن تكون 54 ساعة بدلاً من 36 ساعة كعدد كلي للساعات.
مشكله درجات ونتائج,لم تحتسب درجة التدريب في الصيف حتى الآن.
فتح مقررات,فتح مقررات
فتح مقررات,"لم يتم فتح معاد آخر لمحاضرة ""السوفت وير"" بسبب تعارضها مع محاضرة ""النتورك""، ولم يتم إضافة موعد آخر للسيكشن."
مشكله تمنع التخرج,"لا أستطيع معرفة تسجيل سكشن ""الريجريشن"" بسبب عدم توفر موعد آخر بسبب محاضرة ""الداتا كومبيتيشن"" وعدم علمي بحذف أي منهما بسبب ترم التخرج"
استرجاع مقررات,"تم سحب مادة ""هندسة البرمجيات"" رغم غيابي مرتين فقط."
مشكله درجات ونتائج,لم تظهر درجة التدريب بالرغم من حضوري وتسجيل اسمي في الحضور.
مشكله درجات ونتائج,"تم قبول تظلمي في مادة ""أوبريتنج سيستم"" ولم يتم تعديل الدرجة على الموقع وال CGPA."
مشكله درجات ونتائج,"تم احتساب سقوطي مرتين في مادة ""الريجريشن"" مما أثر على CGPA."
مشكله درجات ونتائج,يرجى تسجيل درجات اعمال السنة بشكل خاطئ من قبل المعيد، ولم يتم تصحيح النتيجة حتى الآن، وظهرت نتيجة الفاينل.
